id;ip;mac;network_status;agent_status
1;calculate Stravenue;Avon;experiences;Small
2;Associate Kwanza Colorado;Awesome Avon;Table Facilitator;Fiji
3;technologies New;Metal Unbranded;Corporate Islands;Moldovan
4;Wooden;Oregon Tactics;AI Assimilated;markets program Rial
5;Mount frame;program Massachusetts experiences;RSS;e-markets
6;Highway Shoes;optical users;Handcrafted Borders e-commerce;Communications
7;Islands Principal;Quality-focused;Fantastic Creative Technician;harness online Profit-focused
8;Right-sized;Global;Pre-emptive Mountain;programming azure
9;connecting;Auto National rich;mobile Island;Tobago Utah
10;Pants Chips;reintermediate quantify;Neck Sausages;withdrawal Fish
